"ALTO HAUS","ALTO HAUS"
"AM-City","AM-City"
"AM-City 하이클래스","AM-City 하이클래스"
"AndPra레지던스","AndPra레지던스"
"APELBAUM","APELBAUM"
"AQUADCASAS","AQUADCASAS"
"ARTRAUM","ARTRAUM"
"AURUM","AURUM"
"AUTOLIVE DELPHI사원임대 ","AUTOLIVE DELPHI사원임대 "
"AZ0213","AZ0213"
"A파크","A파크"
"B.J빌","B.J빌"
"B.J빌 101동 ","B.J빌 101동 "
"B.J빌 102동 ","B.J빌 102동 "
"B.J빌 104동 ","B.J빌 104동 "
"B.J빌 105동 ","B.J빌 105동 "
"best village 2","best village 2"
"BS VIEW","BS VIEW"
"BYC 부천 위더스빌","BYC 부천 위더스빌"
"CG아름채 목동아파트","CG아름채 목동아파트"
"CJ나인파크","CJ나인파크"
"CJ빌리지","CJ빌리지"
"CJ아파트 101동","CJ아파트 101동"
"CNS후레쉬빌3차","CNS후레쉬빌3차"
"CS타워","CS타워"
"D.K포시즌","D.K포시즌"
"D.S","D.S"
"DH씨밀레","DH씨밀레"
"DH씨밀레 431-42 ","DH씨밀레 431-42 "
"DH아인스","DH아인스"
"DK포시즌","DK포시즌"
"DMC파크뷰자이1단지","DMC파크뷰자이1단지"
"DMC파크뷰자이2단지","DMC파크뷰자이2단지"
"DMC파크뷰자이3단지","DMC파크뷰자이3단지"
"DMC파크뷰자이4단지","DMC파크뷰자이4단지"
"DMC파크뷰자이5단지","DMC파크뷰자이5단지"
"DUO302","DUO302"
"DY TOWN","DY TOWN"
"E-아름다운세상","E-아름다운세상"
"e-좋은아침","e-좋은아침"
"e-편한세상","e-편한세상"
"e-푸른","e-푸른"
"e-푸른 가동","e-푸른 가동"
"e-푸른 나동","e-푸른 나동"
"E.Q.빌 아파트","E.Q.빌 아파트"
"EG Soul Leader","EG Soul Leader"
"EG the1 아파트","EG the1 아파트"
"EG스위트밸리","EG스위트밸리"
"EG스위트밸리1차","EG스위트밸리1차"
"EG스위트밸리2차","EG스위트밸리2차"
"EG스위트밸리3차","EG스위트밸리3차"
"Elleville","Elleville"
"EL샤틀레","EL샤틀레"
"ES프라우드","ES프라우드"
"EZ-ONE","EZ-ONE"
"e산이랑","e산이랑"
"e지브로","e지브로"
"e편한세상","e편한세상"
"e편한세상 강변","e편한세상 강변"
"e편한세상 두정3차","e편한세상 두정3차"
"e편한세상 사하","e편한세상 사하"
"e편한세상 스마일시티","e편한세상 스마일시티"
"e편한세상 스마일시티 2차","e편한세상 스마일시티 2차"
"e편한세상 신동탄","e편한세상 신동탄"
"e편한세상 어양","e편한세상 어양"
"e편한세상 춘천","e편한세상 춘천"
"e편한세상 화명힐스","e편한세상 화명힐스"
"e편한세상광안비치","e편한세상광안비치"
"e편한세상마포3차","e편한세상마포3차"
"e편한세상범어","e편한세상범어"
"e편한세상사하","e편한세상사하"
"e편한세상신촌1단지","e편한세상신촌1단지"
"e편한세상신촌2단지","e편한세상신촌2단지"
"e편한세상여주","e편한세상여주"
"e편한세상오포3차","e편한세상오포3차"
"e편한세상전하","e편한세상전하"
"e편한세상평택","e편한세상평택"
"FIRSTVIEW","FIRSTVIEW"
"G-파크빌","G-파크빌"
"GK하늘숲","GK하늘숲"
"GLG스파타운","GLG스파타운"
"GL타운B","GL타운B"
"GM펠리스","GM펠리스"
"GS자이","GS자이"
"GS파크뷰","GS파크뷰"
"GS하이츠자이","GS하이츠자이"
"GV","GV"
"G패밀리움","G패밀리움"
"HB한빛101동","HB한빛101동"
"HB한빛102동","HB한빛102동"
"HD 101동 128-11 ","HD 101동 128-11 "
"HD 102동","HD 102동"
"HD화동빌라","HD화동빌라"
"HHI브라운빌3차","HHI브라운빌3차"
"HY원룸","HY원룸"
"I-PARK","I-PARK"
"IJ FOCUS","IJ FOCUS"
"IS아파트","IS아파트"
"J-PARK","J-PARK"
"J-클래식A동","J-클래식A동"
"J-클래식B동","J-클래식B동"
"J-휴","J-휴"
"J.S","J.S"
"JH타워","JH타워"
"Jians fill u","Jians fill u"
"JK수성힐튼타운","JK수성힐튼타운"
"JK힐스타운","JK힐스타운"
"JN 팰리스 B동","JN 팰리스 B동"
"JN팰리스","JN팰리스"
"JN팰리스 A동","JN팰리스 A동"
"JN펠리스 C동","JN펠리스 C동"
"JS BENEST","JS BENEST"
"J정동","J정동"
"K-town","K-town"
"K.L.C","K.L.C"
"KCB뜰에봄","KCB뜰에봄"
"KCB센트리움","KCB센트리움"
"KCC스위첸","KCC스위첸"
"KCC스위첸아파트","KCC스위첸아파트"
"KCC엠파이어리버","KCC엠파이어리버"
"kcc웰츠","kcc웰츠"
"KCC파크타운","KCC파크타운"
"KH마이우스","KH마이우스"
"KH파인빌","KH파인빌"
"KNP","KNP"
"KNP이스트빌","KNP이스트빌"
"KNP주상복합1","KNP주상복합1"
"KOASIS","KOASIS"
"KS건영아느칸빌","KS건영아느칸빌"
"KT","KT"
"KT사원","KT사원"
"Lee Do Park View","Lee Do Park View"
"Lee Do Park View 544-54 ","Lee Do Park View 544-54 "
"LG그린","LG그린"
"LG그린빌","LG그린빌"
"LG마린타워","LG마린타워"
"LG메트로시티4","LG메트로시티4"
"LG메트로시티4-2","LG메트로시티4-2"
"LG메트로시티5","LG메트로시티5"
"LG비잔티움,SK비잔티움","LG비잔티움,SK비잔티움"
"LG빌리지3","LG빌리지3"
"LG빌리지5A","LG빌리지5A"
"LG빌리지5B","LG빌리지5B"
"LG선릉에클라트 A ","LG선릉에클라트 A "
"LG선릉에클라트 B ","LG선릉에클라트 B "
"LG선릉에클라트B","LG선릉에클라트B"
"LG스카이빌","LG스카이빌"
"LG아파트","LG아파트"
"LG진로","LG진로"
"LG한강자이","LG한강자이"
"LH뜨란채","LH뜨란채"
"LH허브시티","LH허브시티"
"LIG 대학마을","LIG 대학마을"
"LIG 서울역 리가","LIG 서울역 리가"
"LIG5차","LIG5차"
"LIGA","LIGA"
"LIG건영","LIG건영"
"LIG건영캐스빌","LIG건영캐스빌"
"LIP e-푸른아파트","LIP e-푸른아파트"
"M-City","M-City"
"M.J","M.J"
"MARKHILLS","MARKHILLS"
"Maru Hi II","Maru Hi II"
"MAYLUZ","MAYLUZ"
"METAPOLIS","METAPOLIS"
"MID그린 1동 ","MID그린 1동 "
"MID그린 2동 ","MID그린 2동 "
"MID그린 3동 ","MID그린 3동 "
"MID그린 4동 ","MID그린 4동 "
"MID그린 5동 ","MID그린 5동 "
"MID그린 6동 ","MID그린 6동 "
"MID그린 7동 ","MID그린 7동 "
"MID그린 8동 ","MID그린 8동 "
"MID그린 9동 ","MID그린 9동 "
"Money Vill","Money Vill"
"MV","MV"
"myown","myown"
"M타워","M타워"
"M타워 119-58 ","M타워 119-58 "
"M타워1","M타워1"
"M타워2","M타워2"
"N&S파크타운","N&S파크타운"
"N-Suite 1511-3 ","N-Suite 1511-3 "
"N-Suite 1511-6 ","N-Suite 1511-6 "
"N-Suite 1513-2 ","N-Suite 1513-2 "
"N.S빌라트","N.S빌라트"
"NEOSVILL","NEOSVILL"
"NEW SK 아파트","NEW SK 아파트"
"New-삼성","New-삼성"
"NK 아이리스 1차","NK 아이리스 1차"
"NPART","NPART"
"NS타워텔","NS타워텔"
"Ocean Village10차 & 대호하이빌20차","Ocean Village10차 & 대호하이빌20차"
"Park Palace II","Park Palace II"
"Park30","Park30"
"parkview","parkview"
"PLUMHILLS","PLUMHILLS"
"POPS아트빌38","POPS아트빌38"
"PRAZIUM","PRAZIUM"
"PRIMAVERA  VILL","PRIMAVERA  VILL"
"Ruden House","Ruden House"
"S KOVLL VIII","S KOVLL VIII"
"S.N블르버드","S.N블르버드"
"SCIENCE TOWN","SCIENCE TOWN"
"SC제일행복해아파트","SC제일행복해아파트"
"SD아이프라임강북","SD아이프라임강북"
"SEASIDE","SEASIDE"
"SG 이너스Ⅱ","SG 이너스Ⅱ"
"SG타워","SG타워"
"SH 빌","SH 빌"
"SK","SK"
"SK VIEW","SK VIEW"
"SK-VIEW","SK-VIEW"
"SKVIEW","SKVIEW"
"SKVIEW1단지","SKVIEW1단지"
"SKVIEW2단지","SKVIEW2단지"
"SK리더뷰파스텔시티","SK리더뷰파스텔시티"
"SK리더스뷰 파스텔시티 ","SK리더스뷰 파스텔시티 "
"SK뷰","SK뷰"
"SK비전","SK비전"
"SK선경","SK선경"
"SK스카이뷰","SK스카이뷰"
"SK시티하우스","SK시티하우스"
"SK청암대 64-1 ","SK청암대 64-1 "
"SK청암대 64-29 ","SK청암대 64-29 "
"sk파크타워","sk파크타워"
"SK합정","SK합정"
"SK허브","SK허브"
"SK허브올리브","SK허브올리브"
"SK허브프리모","SK허브프리모"
"SM드림빌","SM드림빌"
"SM빌","SM빌"
"SM안아주","SM안아주"
"SM엘루이","SM엘루이"
"SM이로빌 350-11 ","SM이로빌 350-11 "
"SM이로빌3차 358-18 ","SM이로빌3차 358-18 "
"SM이로빌4차 455-4 ","SM이로빌4차 455-4 "
"SM이로빌4차 455-5 ","SM이로빌4차 455-5 "
"SM이로빌5차 312-7 ","SM이로빌5차 312-7 "
"SM해그린","SM해그린"
"SM해그린 362-7 ","SM해그린 362-7 "
"SM해그린12차","SM해그린12차"
"SOD빌","SOD빌"
"SR vill 925-3 ","SR vill 925-3 "
"SR벨리체","SR벨리체"
"SR벨리체2차","SR벨리체2차"
"SR친오애","SR친오애"
"SR하이원","SR하이원"
"SS타운하우스","SS타운하우스"
"SY파크힐","SY파크힐"
"The Plus Ⅲ","The Plus Ⅲ"
"THE SILK","THE SILK"
"the조은빌","the조은빌"
"TK 골드뷰","TK 골드뷰"
"TK리즈빌","TK리즈빌"
"TM힐","TM힐"
"TS굿모닝","TS굿모닝"
"TS푸른솔1차","TS푸른솔1차"
"TS푸른솔3","TS푸른솔3"
"U-포그니","U-포그니"
"UPPER HOUSE 2","UPPER HOUSE 2"
"UPPERHOUSE","UPPERHOUSE"
"V-TOWER","V-TOWER"
"Venessere","Venessere"
"VIP 602-284 ","VIP 602-284 "
"W-PARKⅡ","W-PARKⅡ"
"Wellga","Wellga"
"WITHUSVILL","WITHUSVILL"
"WS타워","WS타워"
"YH드림타운C동","YH드림타운C동"
"YM프라젠","YM프라젠"
"YS홈타운","YS홈타운"
"安愛家꿈꾸는집","安愛家꿈꾸는집"
"가경이-편한세상","가경이-편한세상"
"가경주공7단지","가경주공7단지"
"가경주공8단지","가경주공8단지"
"가경푸르지오","가경푸르지오"
"가나","가나"
"가나1","가나1"
"가나2차","가나2차"
"가나2차1","가나2차1"
"가나3차 101동 ","가나3차 101동 "
"가나3차 102동 ","가나3차 102동 "
"가나빌라","가나빌라"
"가나안미도","가나안미도"
"가나파로스빌1차","가나파로스빌1차"
"가나파로스빌2차","가나파로스빌2차"
"가능신진","가능신진"
"가도스타디움","가도스타디움"
"가든맨션","가든맨션"
"가든필하우스","가든필하우스"
"가든하이츠1","가든하이츠1"
"가든하이츠2","가든하이츠2"
"가든하이츠3","가든하이츠3"
"가락 1차 쌍용아파트","가락 1차 쌍용아파트"
"가락1차쌍용아파트","가락1차쌍용아파트"
"가락3차쌍용스윗닷홈 101동, 102동","가락3차쌍용스윗닷홈 101동, 102동"
"가락3차쌍용스윗닷홈 103동 ","가락3차쌍용스윗닷홈 103동 "
"가락3차쌍용스윗닷홈103동","가락3차쌍용스윗닷홈103동"
"가락그랑밸리","가락그랑밸리"
"가락금호아파트","가락금호아파트"
"가락마을 20단지 호반베르디움5차 ","가락마을 20단지 호반베르디움5차 "
"가락마을11단지 중흥에듀카운티 ","가락마을11단지 중흥에듀카운티 "
"가락마을13단지 대광로제비앙 ","가락마을13단지 대광로제비앙 "
"가락마을15단지 중흥파크뷰 ","가락마을15단지 중흥파크뷰 "
"가락마을16단지 에듀그린 ","가락마을16단지 에듀그린 "
"가락마을16단진 에듀그린 ","가락마을16단진 에듀그린 "
"가락마을17단지 골드클래스 ","가락마을17단지 골드클래스 "
"가락마을21단지 에듀포레 ","가락마을21단지 에듀포레 "
"가락마을22단지 에듀힐스 ","가락마을22단지 에듀힐스 "
"가락마을3단지 호반베르디움 ","가락마을3단지 호반베르디움 "
"가락마을4단지 이지더원 ","가락마을4단지 이지더원 "
"가락마을5단지 유승한내들 ","가락마을5단지 유승한내들 "
"가락마을9단지 신동아 파밀리에 ","가락마을9단지 신동아 파밀리에 "
"가락미륭아파트","가락미륭아파트"
"가락삼익맨숀","가락삼익맨숀"
"가락스타클래스","가락스타클래스"
"가락쌍용 2차 ","가락쌍용 2차 "
"가락쌍용2차","가락쌍용2차"
"가락우성2","가락우성2"
"가락타운1","가락타운1"
"가락타운2","가락타운2"
"가락타운3","가락타운3"
"가락파크","가락파크"
"가락한일유앤아이","가락한일유앤아이"
"가락현대투웰브 101동","가락현대투웰브 101동"
"가락현대투웰브 102동","가락현대투웰브 102동"
"가락현대투웰브 101동 ","가락현대투웰브 101동 "
"가락현대투웰브 102동 ","가락현대투웰브 102동 "
"가람","가람"
"가람그린","가람그린"
"가람리버빌","가람리버빌"
"가람마을","가람마을"
"가람마을 10단지 월드메르디앙 1356 ","가람마을 10단지 월드메르디앙 1356 "
"가람마을 1단지 벽산한라 1308 ","가람마을 1단지 벽산한라 1308 "
"가람마을11단지 동문굿모닝힐 1368 ","가람마을11단지 동문굿모닝힐 1368 "
"가람마을3단지 동문굿모닝힐 ","가람마을3단지 동문굿모닝힐 "
"가람마을4단지 한양수자인","가람마을4단지 한양수자인"
"가람마을7단지한라비발디","가람마을7단지한라비발디"
"가람마을8단지 동문굿모닝힐","가람마을8단지 동문굿모닝힐"
"가람마을9단지 남양휴튼 1344 ","가람마을9단지 남양휴튼 1344 "
"가람채아파트","가람채아파트"
"가로수마을대원칸타빌","가로수마을대원칸타빌"
"가로수마을선광로즈웰","가로수마을선광로즈웰"
"가로수마을한라비발디","가로수마을한라비발디"
"가로수마을호반베르디움","가로수마을호반베르디움"
"가림","가림"
"가림 2 ","가림 2 "
"가림20차","가림20차"
"가림21차","가림21차"
"가림22차","가림22차"
"가림22차 가동 ","가림22차 가동 "
"가림22차 나동 ","가림22차 나동 "
"가림23차가동","가림23차가동"
"가림23차나동","가림23차나동"
"가림25차","가림25차"
"가림26차가동","가림26차가동"
"가림26차나동","가림26차나동"
"가림28차","가림28차"
"가림29차101동","가림29차101동"
"가림29차102동","가림29차102동"
"가림29차103동","가림29차103동"
"가림29차104동","가림29차104동"
"가림A동","가림A동"
"가림B동","가림B동"
"가림C동","가림C동"
"가림D동","가림D동"
"가산","가산"
"가산양우내안에애플","가산양우내안에애플"
"가산지웰에스테이트","가산지웰에스테이트"
"가수동늘푸른오스카빌","가수동늘푸른오스카빌"
"가수주공","가수주공"
"가야","가야"
"가야1","가야1"
"가야2","가야2"
"가야3","가야3"
"가야3주공","가야3주공"
"가야5차써니빌","가야5차써니빌"
"가야누리애","가야누리애"
"가야동원로얄듀크","가야동원로얄듀크"
"가야삼정그린코아","가야삼정그린코아"
"가야삼한사랑채","가야삼한사랑채"
"가야써니빌","가야써니빌"
"가야써니빌 373-7 ","가야써니빌 373-7 "
"가야주공","가야주공"
"가야케이티이편한세상","가야케이티이편한세상"
"가양1차보람더하임","가양1차보람더하임"
"가양2단지 성지 ","가양2단지 성지 "
"가양6단지","가양6단지"
"가양강나루현대","가양강나루현대"
"가양도시개발9-2단지","가양도시개발9-2단지"
"가양도시개발9단지","가양도시개발9단지"
"가양시장상가","가양시장상가"
"가양우성","가양우성"
"가영","가영"
"가온누리","가온누리"
"가온마을3단지","가온마을3단지"
"가온채아파트","가온채아파트"
"가온팰리스","가온팰리스"
"가온하이츠빌","가온하이츠빌"
"가우디캐슬","가우디캐슬"
"가우디캐슬 374-8 ","가우디캐슬 374-8 "
"가우디캐슬 374-9 ","가우디캐슬 374-9 "
"가우디캐슬2차","가우디캐슬2차"
"가원 가동 ","가원 가동 "
"가원백두","가원백두"
"가이아샹베르2차","가이아샹베르2차"
"가인명가","가인명가"
"가재2단지 호반베르디움3차","가재2단지 호반베르디움3차"
"가재7단지 중흥S클래스 센텀파크1차","가재7단지 중흥S클래스 센텀파크1차"
"가재마을9단지 세종한신휴플러스리버파크 ","가재마을9단지 세종한신휴플러스리버파크 "
"가재울","가재울"
"가재울아이파크","가재울아이파크"
"가재울일신건영휴먼빌","가재울일신건영휴먼빌"
"가좌마을1단지양우","가좌마을1단지양우"
"가좌마을2단지대우","가좌마을2단지대우"
"가좌마을5단지벽산","가좌마을5단지벽산"
"가좌마을6단지벽산","가좌마을6단지벽산"
"가좌마을7단지꿈에그린","가좌마을7단지꿈에그린"
"가좌마을부영","가좌마을부영"
"가좌마을부영 418 ","가좌마을부영 418 "
"가좌마을용담이-편한세상","가좌마을용담이-편한세상"
"가창중석타운","가창중석타운"
"가천","가천"
"가현마을신안","가현마을신안"
"가화 424-59  나동","가화 424-59  나동"
"가화랜드빌","가화랜드빌"
"가화랜드빌5차","가화랜드빌5차"
"가화랜드빌기장1차","가화랜드빌기장1차"
"가화만사성","가화만사성"
"가화만사성4차","가화만사성4차"
"가화파티오","가화파티오"
"각산","각산"
"각산빌","각산빌"
"각산역 더뉴클래스2차","각산역 더뉴클래스2차"
"각산태영데시앙","각산태영데시앙"
"각산푸르지오1단지","각산푸르지오1단지"
"각산푸르지오2단지","각산푸르지오2단지"
"간석동행복누리움","간석동행복누리움"
"간석래미안자이","간석래미안자이"
"간석리페 1차 도시형생활주택","간석리페 1차 도시형생활주택"
"간석리페 2차 도시형생활주택","간석리페 2차 도시형생활주택"
"간석신동아파밀리에명품","간석신동아파밀리에명품"
"간석트인자리애","간석트인자리애"
"간성대명","간성대명"
"갈마","갈마"
"갈매 더샵 나인힐스","갈매 더샵 나인힐스"
"갈산","갈산"
"갈산동현진에버빌","갈산동현진에버빌"
"갈산화성파크드림","갈산화성파크드림"
"갈천마을신일유토빌","갈천마을신일유토빌"
"갈현1단지e-편한세상","갈현1단지e-편한세상"
"갈현건영","갈현건영"
"갈현동현대","갈현동현대"
"갈현마을현대홈타운","갈현마을현대홈타운"
"갈현삼성","갈현삼성"
"갈현현대","갈현현대"
"감나무골대우대창","감나무골대우대창"
"감리","감리"
"감만현대1차","감만현대1차"
"감만현대3","감만현대3"
"감삼가든","감삼가든"
"감삼그랜드뷰","감삼그랜드뷰"
"감삼동로드림","감삼동로드림"
"감삼맨션","감삼맨션"
"감삼보성청실","감삼보성청실"
"감삼빌라트","감삼빌라트"
"감삼아크로빌101","감삼아크로빌101"
"감삼아크로빌102","감삼아크로빌102"
"감삼아크로빌103","감삼아크로빌103"
"감삼우방맨션","감삼우방맨션"
"감삼우일","감삼우일"
"감천단지","감천단지"
"감천백산","감천백산"
"감천유림1차","감천유림1차"
"감천유림2차","감천유림2차"
"감천현대","감천현대"
"감천화흥타워","감천화흥타워"
"갑오빌라트","갑오빌라트"
"갑우","갑우"
"갑을","갑을"
"갑을명가","갑을명가"
"갑을임대","갑을임대"
"갑지하이린","갑지하이린"
"강가에","강가에"
"강경","강경"
"강경클래시움","강경클래시움"
"강국","강국"
"강나루2현대","강나루2현대"
"강남","강남"
"강남 더샵 포레스트","강남 더샵 포레스트"
"강남 949-33 ","강남 949-33 "
"강남3차","강남3차"
"강남4차","강남4차"
"강남5차","강남5차"
"강남건영","강남건영"
"강남건영2","강남건영2"
"강남골든하이츠","강남골든하이츠"
"강남그린","강남그린"
"강남그린맨션","강남그린맨션"
"강남데시앙포레","강남데시앙포레"
"강남드리움2차","강남드리움2차"
"강남마을계룡리슈빌 7단지 ","강남마을계룡리슈빌 7단지 "
"강남마을써미트빌1 6단지 ","강남마을써미트빌1 6단지 "
"강남마을써미트빌2 4단지 ","강남마을써미트빌2 4단지 "
"강남마을자연앤 4단지 ","강남마을자연앤 4단지 "
"강남마을자연앤 6단지 ","강남마을자연앤 6단지 "
"강남마을주공","강남마을주공"
"강남마을코오롱하늘채수","강남마을코오롱하늘채수"
"강남마을한라비발디","강남마을한라비발디"
"강남마을한라비발디아델70","강남마을한라비발디아델70"
"강남맨션","강남맨션"
"강남빌리지","강남빌리지"
"강남상가","강남상가"
"강남서해더블루","강남서해더블루"
"강남아르젠","강남아르젠"
"강남아트빌","강남아트빌"
"강남엘에이치1단지","강남엘에이치1단지"
"강남역우정에쉐르","강남역우정에쉐르"
"강남역푸르지오시티","강남역푸르지오시티"
"강남태영데시앙루브","강남태영데시앙루브"
"강남파크맨션","강남파크맨션"
"강남한솔","강남한솔"
"강남한신휴플러스6단지","강남한신휴플러스6단지"
"강남한신휴플러스8단지","강남한신휴플러스8단지"
"강남한양수자인 4단지 ","강남한양수자인 4단지 "
"강동","강동"
"강동1","강동1"
"강동2","강동2"
"강동3","강동3"
"강동4차","강동4차"
"강동LG자이","강동LG자이"
"강동그린타워","강동그린타워"
"강동네스빌","강동네스빌"
"강동다온채","강동다온채"
"강동렘브란트","강동렘브란트"
"강동상떼빌","강동상떼빌"
"강동역두산위브센티움","강동역두산위브센티움"
"강동역에스케이허브","강동역에스케이허브"
"강동와이시티","강동와이시티"
"강동이루미","강동이루미"
"강동큐브","강동큐브"
"강동큐브 2차 ","강동큐브 2차 "
"강동태명빌","강동태명빌"
"강동파크빌","강동파크빌"
"강동한신휴플러스","강동한신휴플러스"
"강동헤르셔","강동헤르셔"
"강릉2","강릉2"
"강릉3","강릉3"
"강릉5","강릉5"
"강릉6","강릉6"
"강릉7 1177-2 ","강릉7 1177-2 "
"강릉7 1183-4 ","강릉7 1183-4 "
"강릉교동롯데캐슬1단지","강릉교동롯데캐슬1단지"
"강릉교동롯데캐슬2단지","강릉교동롯데캐슬2단지"
"강릉더샵","강릉더샵"
"강릉빌라트","강릉빌라트"
"강릉임대","강릉임대"
"강릉입암동금호어울림","강릉입암동금호어울림"
"강릉홍제힐스테이트","강릉홍제힐스테이트"
"강림","강림"
"강림스위트빌","강림스위트빌"
"강림스위트빌 A동 ","강림스위트빌 A동 "
"강림월드타운","강림월드타운"
"강맥빌라","강맥빌라"
"강민","강민"
"강변","강변"
"강변1","강변1"
"강변2","강변2"
"강변그대가 리버뷰","강변그대가 리버뷰"
"강변그대가갤럭시","강변그대가갤럭시"
"강변그린","강변그린"
"강변그린빌 6-1 ","강변그린빌 6-1 "
"강변그린빌 7-1 ","강변그린빌 7-1 "
"강변금호타운","강변금호타운"
"강변동서마을","강변동서마을"
"강변동양","강변동양"
"강변들금성백조","강변들금성백조"
"강변들보람","강변들보람"
"강변뜨란채","강변뜨란채"
"강변래미안","강변래미안"
"강변리츠빌","강변리츠빌"
"강변마을 101동 ","강변마을 101동 "
"강변마을 102동 ","강변마을 102동 "
"강변마을 월드메르디앙 ","강변마을 월드메르디앙 "
"강변마을현대","강변마을현대"
"강변백자","강변백자"
"강변삼부","강변삼부"
"강변삼성스위트","강변삼성스위트"
"강변삼익","강변삼익"
"강변상지리츠빌","강변상지리츠빌"
"강변센트럴하이츠","강변센트럴하이츠"
"강변아드리아","강변아드리아"
"강변아이파크","강변아이파크"
"강변아파트,  구 거화르네상스","강변아파트,  구 거화르네상스"
"강변아파트101동","강변아파트101동"
"강변아파트102동","강변아파트102동"
"강변아파트103동","강변아파트103동"
"강변우성","강변우성"
"강변월드메르디앙","강변월드메르디앙"
"강변일성트루엘","강변일성트루엘"
"강변임광","강변임광"
"강변청구3","강변청구3"
"강변코아루","강변코아루"
"강변코오롱하늘채","강변코오롱하늘채"
"강변타운","강변타운"
"강변타워","강변타워"
"강변한솔그라치아","강변한솔그라치아"
"강변한솔솔파크","강변한솔솔파크"
"강변한신코아","강변한신코아"
"강변해맞이타운","강변해맞이타운"
"강변해태","강변해태"
"강변현대","강변현대"
"강변현대하이엘","강변현대하이엘"
"강변효성백년가약","강변효성백년가약"
"강변힐스테이트","강변힐스테이트"
"강부1","강부1"
"강부2","강부2"
"강부3","강부3"
"강부3차","강부3차"
"강부4","강부4"
"강부맨션","강부맨션"
"강북화성파크드림","강북화성파크드림"
"강산","강산"
"강산드림빌","강산드림빌"
"강산리더스","강산리더스"
"강산리더스101동","강산리더스101동"
"강산리더스3차","강산리더스3차"
"강산리더스타운2단지","강산리더스타운2단지"
"강산마을","강산마을"
"강산빌라트","강산빌라트"
"강산타운","강산타운"
"강산파란들","강산파란들"
"강산파크빌","강산파크빌"
"강산해오름","강산해오름"
"강산횡계","강산횡계"
"강서","강서"
"강서 베리굿","강서 베리굿"
"강서 베리굿2차","강서 베리굿2차"
"강서그랜드아이파크주상복합","강서그랜드아이파크주상복합"
"강서뉴","강서뉴"
"강서뉴타워","강서뉴타워"
"강서동도센트리움","강서동도센트리움"
"강서쌍용예가","강서쌍용예가"
"강서아이파크","강서아이파크"
"강서타워","강서타워"
"강서한강월드메르디앙","강서한강월드메르디앙"
"강서한강자이","강서한강자이"
"강서힐스테이트","강서힐스테이트"
"강선마을 건영 ","강선마을 건영 "
"강선마을 경남 ","강선마을 경남 "
"강선마을 금호 ","강선마을 금호 "
"강선마을 대우 ","강선마을 대우 "
"강선마을 동문 ","강선마을 동문 "
"강선마을 동부 ","강선마을 동부 "
"강선마을 동성 ","강선마을 동성 "
"강선마을 동신 ","강선마을 동신 "
"강선마을 두산 ","강선마을 두산 "
"강선마을 럭키 ","강선마을 럭키 "
"강선마을 롯데 ","강선마을 롯데 "
"강선마을 벽산 ","강선마을 벽산 "
"강선마을 보성 ","강선마을 보성 "
"강선마을 삼환 ","강선마을 삼환 "
"강선마을 우성 ","강선마을 우성 "
"강선마을 유원 ","강선마을 유원 "
"강선마을 한신 ","강선마을 한신 "
"강선마을 한양 ","강선마을 한양 "
"강선마을 화성 ","강선마을 화성 "
"강선마을뉴서울","강선마을뉴서울"
"강선마을두진","강선마을두진"
"강선마을태영","강선마을태영"
"강선마을한양","강선마을한양"
"강성","강성"
"강성레스빌","강성레스빌"
"강실","강실"
"강실 157-4 ","강실 157-4 "
"강실 197-13 ","강실 197-13 "
"강오 A동 ","강오 A동 "
"강오 B동 ","강오 B동 "
"강우스파빌","강우스파빌"
"강원","강원"
"강일리버파크10단지","강일리버파크10단지"
"강일리버파크1단지","강일리버파크1단지"
"강일리버파크2단지","강일리버파크2단지"
"강일리버파크3단지","강일리버파크3단지"
"강일리버파크4단지","강일리버파크4단지"
"강일리버파크5단지","강일리버파크5단지"
"강일리버파크6단지","강일리버파크6단지"
"강일리버파크7단지","강일리버파크7단지"
"강일리버파크8단지","강일리버파크8단지"
"강일리버파크9단지","강일리버파크9단지"
"강일프라임빌","강일프라임빌"
"강제코아루파크","강제코아루파크"
"강진노블레스","강진노블레스"
"강진융프라우","강진융프라우"
"강진융프라우2차","강진융프라우2차"
"강창그린빌","강창그린빌"
"강창동서","강창동서"
"강창삼산1","강창삼산1"
"강창우방타운","강창우방타운"
"강창태성그린시티","강창태성그린시티"
"강창하이츠","강창하이츠"
"강창한서꼼빠니아","강창한서꼼빠니아"
"강창훼미리타운","강창훼미리타운"
"강촌","강촌"
"강촌그린","강촌그린"
"강촌마을 동아 ","강촌마을 동아 "
"강촌마을 라이프 ","강촌마을 라이프 "
"강촌마을 미도파 ","강촌마을 미도파 "
"강촌마을 선경 ","강촌마을 선경 "
"강촌마을 영남 ","강촌마을 영남 "
"강촌마을 우방 ","강촌마을 우방 "
"강촌마을 진흥 ","강촌마을 진흥 "
"강촌마을 코오롱 ","강촌마을 코오롱 "
"강촌마을 한신 ","강촌마을 한신 "
"강촌마을, 상가 주상복합 ","강촌마을, 상가 주상복합 "
"강촌타운A동","강촌타운A동"
"강호","강호"
"강화2차세광엔리치빌","강화2차세광엔리치빌"
"개금 롯데캐슬","개금 롯데캐슬"
"개금모아블루빌","개금모아블루빌"
"개금블루스카이","개금블루스카이"
"개금역스마트더블유","개금역스마트더블유"
"개금우드빌","개금우드빌"
"개금우드빌 1-9 ","개금우드빌 1-9 "
"개금주공1","개금주공1"
"개금주공2","개금주공2"
"개금주공3단지","개금주공3단지"
"개금주공3단지 518-0 ","개금주공3단지 518-0 "
"개금코아팰리스","개금코아팰리스"
"개나리","개나리"
"개나리 푸르지오","개나리 푸르지오"
"개나리 1 ","개나리 1 "
"개나리 2 ","개나리 2 "
"개나리2","개나리2"
"개나리4","개나리4"
"개나리5","개나리5"
"개나리6","개나리6"
"개나리SK뷰","개나리SK뷰"
"개나리래미안","개나리래미안"
"개나리맨션","개나리맨션"
"개나리쌍용","개나리쌍용"
"개나리아파트 6차 ","개나리아파트 6차 "
"개나리주공13","개나리주공13"
"개벽이루마빌","개벽이루마빌"
"개봉동상우","개봉동상우"
"개봉동현대아이파크","개봉동현대아이파크"
"개봉청구","개봉청구"
"개봉푸르지오","개봉푸르지오"
"개봉프라자","개봉프라자"
"개성팰리스","개성팰리스"
"개성하이뷰","개성하이뷰"
"개성하이뷰 101동 ","개성하이뷰 101동 "
"개성하이뷰 102동 ","개성하이뷰 102동 "
"개성하이뷰 103동 ","개성하이뷰 103동 "
"개성하이뷰 104동 ","개성하이뷰 104동 "
"개운1차한신휴플러스","개운1차한신휴플러스"
"개운2차한신휴플러스","개운2차한신휴플러스"
"개운고층","개운고층"
"개운동원흥3단지","개운동원흥3단지"
"개운저층","개운저층"
"개운현대","개운현대"
"개포6차우성아파트1동~8동","개포6차우성아파트1동~8동"
"개포우성1","개포우성1"
"개포우성2","개포우성2"
"개포우성3차","개포우성3차"
"개포자이 12-2 ","개포자이 12-2 "
"개포주공 1단지","개포주공 1단지"
"개포주공 3단지","개포주공 3단지"
"개포주공 4단지","개포주공 4단지"
"개포주공 5단지","개포주공 5단지"
"개포주공 6단지","개포주공 6단지"
"개포주공 7단지","개포주공 7단지"
"개포한신","개포한신"
"개포현대200동","개포현대200동"
"개화","개화"
"개화산경남아너스빌","개화산경남아너스빌"
"갤러리303","갤러리303"
"갤러리빌","갤러리빌"
"갤러리빌2","갤러리빌2"
"갤러리빌3","갤러리빌3"
"갤러리빌6차","갤러리빌6차"
"갤러리빌7차","갤러리빌7차"
"갤러리빌8차","갤러리빌8차"
"갤러리빌9차","갤러리빌9차"
"갤러리빌럭스","갤러리빌럭스"
"갤러리아 수","갤러리아 수"
"갤러리아 포레","갤러리아 포레"
"갤러리아타운","갤러리아타운"
"갤러리아트","갤러리아트"
"갤러리아팰리스","갤러리아팰리스"
"갤러리하우스","갤러리하우스"
"갤럭시뷰","갤럭시뷰"
"갤럭시타운","갤럭시타운"
"거림하이츠빌","거림하이츠빌"
"거마그린빌라","거마그린빌라"
"거보플러스","거보플러스"
"거보플러스 585-6 ","거보플러스 585-6 "
"거보플러스 A ","거보플러스 A "
"거보플러스-1","거보플러스-1"
"거보플러스-2","거보플러스-2"
"거보플러스-3","거보플러스-3"
"거보플러스-4","거보플러스-4"
"거봉","거봉"
"거북","거북"
"거북맨션","거북맨션"
"거산","거산"
"거산1","거산1"
"거산2","거산2"
"거산평화","거산평화"
"거산황궁맨션","거산황궁맨션"
"거상성림 501동 ","거상성림 501동 "
"거상센스빌 956-6 ","거상센스빌 956-6 "
"거상센스빌 960-5 ","거상센스빌 960-5 "
"거상장미","거상장미"
"거상홈타운701동","거상홈타운701동"
"거상홈타운801동","거상홈타운801동"
"거성","거성"
"거성 175-13 ","거성 175-13 "
"거성 175-29 ","거성 175-29 "
"거성 95-3 ","거성 95-3 "
"거성 95-51 ","거성 95-51 "
"거성1차가동","거성1차가동"
"거성2차","거성2차"
"거성경기장","거성경기장"
"거성경원","거성경원"
"거성경원골든빌라","거성경원골든빌라"
"거성고속맨션 1 ","거성고속맨션 1 "
"거성고속맨션2차","거성고속맨션2차"
"거성국민","거성국민"
"거성그린맨션","거성그린맨션"
"거성근영 1 ","거성근영 1 "
"거성근영 2 ","거성근영 2 "
"거성대학촌","거성대학촌"
"거성리젠시","거성리젠시"
"거성리젠시2차","거성리젠시2차"
"거성리젠시2차예정","거성리젠시2차예정"
"거성베르디","거성베르디"
"거성빌라","거성빌라"
"거성센트럴파크주상복합아파트","거성센트럴파크주상복합아파트"
"거성소라","거성소라"
"거성수락산","거성수락산"
"거성실버빌101동","거성실버빌101동"
"거성실버빌102동","거성실버빌102동"
"거성에이플 922-22 ","거성에이플 922-22 "
"거성에이플101동","거성에이플101동"
"거성에이플102동","거성에이플102동"
"거성에이플103동","거성에이플103동"
"거성에이플104동","거성에이플104동"
"거성타워","거성타워"
"거성파스텔","거성파스텔"
"거성펠리시앙","거성펠리시앙"
"거성푸르뫼1","거성푸르뫼1"
"거성푸르뫼2","거성푸르뫼2"
"거성프라자","거성프라자"
"거성플러스빌","거성플러스빌"
"거성학마을","거성학마을"
"거성학마을아파트","거성학마을아파트"
"거성화산","거성화산"
"거성훼미리 29-68 ","거성훼미리 29-68 "
"거송그랑데리움","거송그랑데리움"
"거송라뷔랑","거송라뷔랑"
"거승수정빌라트","거승수정빌라트"
"거여1단지","거여1단지"
"거여2단지동아","거여2단지동아"
"거여2단지효성","거여2단지효성"
"거여4단지","거여4단지"
"거여5단지","거여5단지"
"거장","거장"
"거장2차아파트","거장2차아파트"
"거제","거제"
"거제1차현대홈타운","거제1차현대홈타운"
"거제2차현대홈타운","거제2차현대홈타운"
"거제동 롯데캐슬아파트","거제동 롯데캐슬아파트"
"거제동 롯데캐슬피렌체","거제동 롯데캐슬피렌체"
"거제동 푸르지오","거제동 푸르지오"
"거제동2차동원로얄듀크","거제동2차동원로얄듀크"
"거제동2차월드메르디앙","거제동2차월드메르디앙"
"거제동서하이빌","거제동서하이빌"
"거제동월드메르디앙","거제동월드메르디앙"
"거제유림노르웨이숲","거제유림노르웨이숲"
"거제청구하이츠","거제청구하이츠"
"거진오션상떼빌","거진오션상떼빌"
"거평","거평"
"거평빌라트","거평빌라트"
"거평프리젠","거평프리젠"
"거화르네상스","거화르네상스"
"거환","거환"
"건강주택 427-6 ","건강주택 427-6 "
"건건e-편한세상","건건e-편한세상"
"건국","건국"
"건국오딧세이1","건국오딧세이1"
"건등","건등"
"건부A,B동","건부A,B동"
"건산주공","건산주공"
"건아맨션 335-1 ","건아맨션 335-1 "
"건양","건양"
"건양 346-33 ","건양 346-33 "
"건양1차","건양1차"
"건양2","건양2"
"건양노블레스빌","건양노블레스빌"
"건양오페라하우스","건양오페라하우스"
"건양주택","건양주택"
"건양타워","건양타워"
"건양하늘터","건양하늘터"
"건영","건영"
"건영 103동에서106동 ","건영 103동에서106동 "
"건영 452-1 ","건영 452-1 "
"건영 지산 ","건영 지산 "
"건영1","건영1"
"건영1차","건영1차"
"건영2","건영2"
"건영2차","건영2차"
"건영2차아파트","건영2차아파트"
"건영3","건영3"
"건영4","건영4"
"건영5","건영5"
"건영6","건영6"
"건영7","건영7"
"건영덕소리버파크","건영덕소리버파크"
"건영맨션","건영맨션"
"건영빌라 1060-9 ","건영빌라 1060-9 "
"건영아파트","건영아파트"
"건영월드컵","건영월드컵"
"건영장미","건영장미"
"건영장미아파트","건영장미아파트"
"건영재건축 586 ","건영재건축 586 "
"건영캐스빌","건영캐스빌"
"건영하이츠","건영하이츠"
"건오힐타워","건오힐타워"
"건용베르빌","건용베르빌"
"건우","건우"
"건우1","건우1"
"건우2","건우2"
"건우2차","건우2차"
"건우3차","건우3차"
"건우그린","건우그린"
"건우로얄","건우로얄"
"건우리안","건우리안"
"건우샹그리라 1 ","건우샹그리라 1 "
"건우아트빌","건우아트빌"
"건우한마음","건우한마음"
"건원 베스트원","건원 베스트원"
"건원안단테","건원안단테"
"건일","건일"
"건일 628-11 ","건일 628-11 "
"건일 892 ","건일 892 "
"건일상가","건일상가"
"건일온수","건일온수"
"건일장미","건일장미"
"건일장미 228-1 ","건일장미 228-1 "
"건일팰리스","건일팰리스"
"건주참조은","건주참조은"
"건지산 이지움 아파트","건지산 이지움 아파트"
"건진","건진"
"건풍","건풍"
"건한","건한"
"건흥","건흥"
"검단1차대주피오레 검단2지구 59BL ","검단1차대주피오레 검단2지구 59BL "
"검단1차피오레 검단2지구 ","검단1차피오레 검단2지구 "
"검단2차아이파크","검단2차아이파크"
"검단2차풍림아이원 검단2지구 24BL 20L ","검단2차풍림아이원 검단2지구 24BL 20L "
"검단2차풍림아이원 검단2지구 ","검단2차풍림아이원 검단2지구 "
"검단금호어울림","검단금호어울림"
"검단금호어울림 검단2지구 57BL 1L ","검단금호어울림 검단2지구 57BL 1L "
"검단아이파크 검단2지구 22BL 1L ","검단아이파크 검단2지구 22BL 1L "
"검단아이파크 검단2지구 ","검단아이파크 검단2지구 "
"검단우림필유 검단2지구 24BL 33L ","검단우림필유 검단2지구 24BL 33L "
"검단우림필유 검단2지구 ","검단우림필유 검단2지구 "
"검단자이1단지","검단자이1단지"
"검단자이2단지","검단자이2단지"
"검단풍림아이원","검단풍림아이원"
"검단힐스테이트 검단2지구 23BL 6L ","검단힐스테이트 검단2지구 23BL 6L "
"검단힐스테이트 검단2지구 ","검단힐스테이트 검단2지구 "
"검단힐스테이트2차 검단2지구 23BL 1L ","검단힐스테이트2차 검단2지구 23BL 1L "
"검단힐스테이트3차1단지","검단힐스테이트3차1단지"
"검단힐스테이트3차2단지","검단힐스테이트3차2단지"
"검단힐스테이트4차 당하지구 30BL 1L ","검단힐스테이트4차 당하지구 30BL 1L "
"검단힐스테이트5차","검단힐스테이트5차"
"검단힐스테이트6차","검단힐스테이트6차"
"검산2단지주공","검산2단지주공"
"검산시티타워149","검산시티타워149"
"검암4차신명스카이뷰","검암4차신명스카이뷰"
"겔러리빌","겔러리빌"
"격포양우","격포양우"
"경기","경기"
"경남","경남"
"경남 142-3 ","경남 142-3 "
"경남 145 ","경남 145 "
"경남 261-8 ","경남 261-8 "
"경남 274 ","경남 274 "
"경남 274-5 ","경남 274-5 "
"경남 2차 ","경남 2차 "
"경남1","경남1"
"경남102동","경남102동"
"경남1차","경남1차"
"경남2","경남2"
"경남2차","경남2차"
"경남3차","경남3차"
"경남4차","경남4차"
